transaction_id,datetime,customer_id,amount,currency,country,type
T00297,2026-04-12 23:32:45,C027,315.4,EUR,France,deposit
T00220,2026-04-03 16:14:53,C034,446.72,EUR,Spain,deposit
T00364,2026-04-06 06:07:27,C037,427.23,EUR,Austria,withdrawal
T00379,2026-05-23 10:59:26,C030,152.03,EUR,Germany,deposit
T00347,2026-03-15 05:09:29,C033,640.5,EUR,Italy,withdrawal
T00360,2026-05-11 06:04:31,C012,636.2,EUR,Germany,withdrawal
T00171,2026-03-15 14:44:48,C037,441.39,EUR,Spain,deposit
T00308,2026-03-24 19:44:18,C023,107.15,EUR,Portugal,transfer
T00064,2026-04-02 02:58:55,C022,1273.62,EUR,Ireland,withdrawal
T00310,2026-03-20 00:19:58,C027,146.12,EUR,Italy,deposit
T00276,2026-05-08 07:57:07,C039,345.63,EUR,Portugal,deposit
T00271,2026-04-21 03:28:22,C040,1884.77,EUR,Italy,deposit
T00418,2026-03-20 00:13:55,C035,6964.1,EUR,Iran,withdrawal
T00263,2026-05-01 23:41:07,C031,2032.57,EUR,Portugal,deposit
T00083,2026-03-02 19:26:50,C019,406.58,EUR,Spain,deposit
T00429,2026-03-28 21:27:13,C026,8871.01,EUR,Italy,deposit
T00065,2026-03-29 23:40:15,C002,997.86,EUR,Netherlands,deposit
T00074,2026-05-12 22:13:17,C018,1449.92,EUR,Portugal,transfer
T00321,2026-03-10 10:53:46,C014,1144.15,EUR,Ireland,deposit
T00033,2026-04-22 22:35:51,C016,991.07,EUR,Austria,transfer
T00296,2026-04-29 02:05:52,C031,396.91,EUR,Germany,transfer
T00342,2026-05-16 23:14:07,C003,1340.55,EUR,Austria,deposit
T00395,2026-03-06 02:12:05,C005,11389.68,EUR,France,transfer
T00117,2026-03-30 03:17:26,C005,181.72,EUR,Spain,withdrawal
T00118,2026-04-26 06:03:25,C007,2585.36,EUR,Italy,transfer
T00099,2026-04-12 11:41:21,C032,2608.32,EUR,Ireland,transfer
T00160,2026-04-04 11:14:59,C036,1331.94,EUR,Germany,withdrawal
T00078,2026-04-27 00:37:40,C016,1527.09,EUR,Portugal,deposit
T00125,2026-04-07 10:44:56,C007,257.79,EUR,Belgium,deposit
T00119,2026-04-25 05:18:00,C020,1270.37,EUR,Netherlands,deposit
T00062,2026-05-22 15:36:19,C026,1013.34,EUR,Italy,deposit
T00109,2026-03-01 10:17:52,C018,207.55,EUR,Spain,transfer
T00335,2026-04-12 22:34:49,C030,277.91,EUR,Ireland,withdrawal
T00236,2026-03-27 12:23:09,C004,269.51,EUR,Portugal,transfer
T00380,2026-04-17 23:37:34,C018,249.21,EUR,Italy,deposit
T00269,2026-05-22 09:22:00,C013,1356.1,EUR,Portugal,transfer
T00341,2026-05-28 15:13:47,C039,630.49,EUR,Austria,transfer
T00060,2026-03-04 14:09:28,C015,648.72,EUR,Portugal,withdrawal
T00131,2026-04-07 12:19:56,C011,78.23,EUR,Portugal,deposit
T00262,2026-04-22 12:01:32,C034,382.95,EUR,Italy,transfer
T00281,2026-03-03 14:24:57,C004,877.8,EUR,Spain,withdrawal
T00413,2026-05-04 01:55:03,C005,5358.06,EUR,North Korea,deposit
T00209,2026-04-28 01:20:47,C031,1956.7,EUR,Italy,withdrawal
T00416,2026-04-07 20:31:39,C030,567.74,EUR,Iran,withdrawal
T00084,2026-03-02 20:54:03,C018,1573.55,EUR,Italy,withdrawal
T00157,2026-03-20 23:54:39,C020,386.57,EUR,France,withdrawal
T00092,2026-05-20 21:28:24,C030,280.42,EUR,Spain,transfer
T00391,2026-03-10 19:14:03,C008,26049.77,EUR,Belgium,transfer
T00424,2026-03-10 21:33:00,C033,1634.87,EUR,Syria,transfer
T00326,2026-03-11 22:31:23,C028,206.1,EUR,Ireland,withdrawal
T00223,2026-03-29 04:25:07,C011,1864.12,EUR,Austria,deposit
T00004,2026-03-01 21:48:24,C011,875.37,EUR,Austria,withdrawal
T00373,2026-05-02 05:10:34,C021,5576.15,EUR,Ireland,transfer
T00189,2026-05-04 19:39:08,C032,312.14,EUR,Italy,transfer
T00218,2026-03-18 19:16:37,C010,288.85,EUR,Belgium,withdrawal
T00344,2026-04-12 15:40:20,C003,875.66,EUR,Ireland,deposit
T00003,2026-03-26 05:33:52,C033,280.92,EUR,Belgium,withdrawal
T00433,2026-03-19 18:19:15,C029,9855.76,EUR,Ireland,deposit
T00204,2026-05-25 03:07:01,C010,391.78,EUR,Germany,transfer
T00248,2026-05-18 10:53:41,C021,1767.52,EUR,Ireland,transfer
T00259,2026-04-14 16:06:23,C010,422.35,EUR,Italy,transfer
T00191,2026-04-26 01:35:26,C010,5954.83,EUR,Germany,withdrawal
T00401,2026-04-25 04:13:22,C016,14234.93,EUR,Italy,transfer
T00392,2026-03-17 14:05:03,C001,74153.92,EUR,Netherlands,transfer
T00346,2026-05-26 21:25:47,C037,334.23,EUR,Portugal,transfer
T00221,2026-04-27 06:17:10,C040,654.92,EUR,Italy,transfer
T00005,2026-03-11 03:07:06,C032,485.19,EUR,Belgium,transfer
T00135,2026-05-29 11:00:08,C040,420.22,EUR,Portugal,transfer
T00063,2026-03-28 16:33:18,C030,342.34,EUR,Netherlands,withdrawal
T00143,2026-04-12 05:22:20,C036,373.65,EUR,France,transfer
T00208,2026-05-27 16:54:59,C023,973.55,EUR,Germany,transfer
T00394,2026-03-03 21:23:06,C031,72062.22,EUR,Italy,transfer
T00412,2026-04-23 11:38:54,C027,2408.38,EUR,Iran,withdrawal
T00150,2026-05-10 11:50:22,C010,263.76,EUR,Belgium,withdrawal
T00037,2026-03-29 00:51:41,C030,182.47,EUR,France,transfer
T00357,2026-05-18 21:29:14,C030,1759.62,EUR,Spain,deposit
T00238,2026-03-16 09:44:18,C033,764.94,EUR,Portugal,withdrawal
T00190,2026-03-17 21:44:42,C034,226.76,EUR,Belgium,withdrawal
T00400,2026-04-09 15:55:42,C026,48325.2,EUR,Italy,transfer
T00174,2026-05-05 23:03:18,C022,94.99,EUR,Italy,deposit
T00382,2026-03-02 00:17:36,C007,319.62,EUR,Portugal,transfer
T00200,2026-04-27 22:24:14,C031,945.32,EUR,Portugal,deposit
T00370,2026-03-22 11:47:01,C037,482.8,EUR,Austria,transfer
T00232,2026-04-13 20:31:14,C011,1599.21,EUR,Belgium,deposit
T00264,2026-05-23 20:54:12,C019,304.98,EUR,Italy,deposit
T00355,2026-04-03 17:49:17,C012,513.85,EUR,Italy,transfer
T00287,2026-04-24 19:22:01,C002,2632.69,EUR,Austria,withdrawal
T00407,2026-05-20 02:48:21,C017,6554.75,EUR,Panama,withdrawal
T00243,2026-05-10 10:30:27,C026,136.79,EUR,Netherlands,deposit
T00080,2026-04-12 12:48:32,C031,754.31,EUR,Austria,transfer
T00419,2026-05-21 00:20:57,C002,2480.48,EUR,Myanmar,withdrawal
T00002,2026-04-03 18:13:32,C008,455.44,EUR,Malta,deposit
T00257,2026-04-10 17:28:08,C015,2748.47,EUR,Portugal,withdrawal
T00237,2026-04-21 04:45:39,C010,238.07,EUR,Netherlands,withdrawal
T00036,2026-04-30 08:05:54,C011,1093.87,EUR,Malta,deposit
T00230,2026-04-05 04:33:26,C006,231.57,EUR,Austria,transfer
T00409,2026-05-13 04:11:57,C024,1837.13,EUR,North Korea,deposit
T00051,2026-03-07 20:17:40,C012,3115.31,EUR,Portugal,deposit
T00072,2026-05-18 19:35:39,C010,457.52,EUR,Spain,withdrawal
T00050,2026-03-14 15:28:44,C026,210.76,EUR,Malta,deposit
T00216,2026-03-04 05:11:54,C029,928.41,EUR,Germany,transfer
T00130,2026-05-07 18:16:11,C013,193.82,EUR,Netherlands,withdrawal
T00393,2026-05-27 06:17:25,C037,37645.7,EUR,Austria,transfer
T00214,2026-05-09 10:41:44,C028,129.63,EUR,Germany,withdrawal
T00034,2026-03-23 15:00:40,C010,1573.82,EUR,Germany,deposit
T00133,2026-05-14 13:52:21,C030,296.37,EUR,Spain,transfer
T00107,2026-04-30 08:52:26,C019,677.8,EUR,Portugal,withdrawal
T00235,2026-04-28 02:39:24,C016,2961.31,EUR,Spain,transfer
T00339,2026-04-22 18:10:44,C038,72.54,EUR,Italy,deposit
T00206,2026-04-15 02:27:35,C025,503.36,EUR,Malta,withdrawal
T00261,2026-03-31 08:49:39,C018,154.9,EUR,Belgium,deposit
T00268,2026-05-04 17:02:24,C035,933.61,EUR,Germany,withdrawal
T00234,2026-05-22 10:59:56,C002,659.76,EUR,Spain,withdrawal
T00372,2026-04-01 05:19:28,C027,1272.92,EUR,Germany,transfer
T00055,2026-03-10 10:24:10,C034,644.67,EUR,Portugal,deposit
T00239,2026-04-29 18:09:33,C016,376.28,EUR,Austria,withdrawal
T00292,2026-05-13 21:46:10,C015,4088.8,EUR,Netherlands,transfer
T00146,2026-04-27 13:10:53,C027,779.27,EUR,Portugal,transfer
T00331,2026-04-01 20:49:27,C019,364.09,EUR,Austria,transfer
T00028,2026-03-12 23:05:36,C017,672.6,EUR,Malta,withdrawal
T00149,2026-03-11 11:43:39,C007,563.19,EUR,Italy,transfer
T00307,2026-04-28 06:07:30,C022,81.44,EUR,Portugal,transfer
T00186,2026-03-17 21:39:53,C038,283.76,EUR,Ireland,transfer
T00298,2026-04-18 22:01:34,C029,1020.8,EUR,Spain,transfer
T00231,2026-05-15 21:08:26,C020,808.26,EUR,Germany,deposit
T00138,2026-05-18 14:51:32,C010,3731.06,EUR,Portugal,withdrawal
T00329,2026-04-22 03:45:38,C018,522.93,EUR,Austria,deposit
T00422,2026-05-06 15:02:20,C018,1290.73,EUR,Iran,transfer
T00129,2026-04-11 15:07:40,C038,523.1,EUR,Spain,deposit
T00241,2026-04-06 19:32:25,C004,287.51,EUR,Portugal,deposit
T00169,2026-03-10 14:27:24,C015,666.76,EUR,Netherlands,transfer
T00313,2026-03-14 03:30:24,C019,2660.48,EUR,Germany,transfer
T00365,2026-05-05 04:07:18,C037,3293.25,EUR,Austria,transfer
T00369,2026-03-27 07:32:04,C040,850.47,EUR,Germany,deposit
T00265,2026-03-23 15:12:53,C035,7803.35,EUR,Malta,deposit
T00277,2026-05-12 04:05:07,C039,503.94,EUR,Italy,deposit
T00273,2026-04-03 23:47:59,C029,220.64,EUR,Malta,withdrawal
T00134,2026-05-19 20:26:24,C024,302.1,EUR,Malta,withdrawal
T00434,2026-03-20 11:19:15,C029,8568.53,EUR,Spain,deposit
T00251,2026-05-13 08:17:04,C002,815.43,EUR,Belgium,transfer
T00059,2026-05-08 19:53:02,C002,262.85,EUR,Ireland,transfer
T00106,2026-05-22 05:36:21,C027,2172.92,EUR,Italy,withdrawal
T00440,2026-03-14 15:49:20,C018,9460.8,EUR,Italy,deposit
T00363,2026-05-02 06:05:22,C032,504.71,EUR,Portugal,deposit
T00022,2026-05-12 19:02:02,C003,913.58,EUR,Belgium,withdrawal
T00207,2026-04-12 04:51:26,C016,1750.2,EUR,Belgium,deposit
T00039,2026-04-03 06:30:05,C033,1669.43,EUR,Italy,transfer
T00383,2026-03-30 13:56:49,C022,579.28,EUR,Italy,deposit
T00145,2026-03-07 04:36:54,C016,764.63,EUR,Spain,transfer
T00069,2026-05-27 21:51:37,C013,827.78,EUR,Spain,deposit
T00247,2026-05-17 18:46:08,C022,1765.84,EUR,Germany,deposit
T00312,2026-05-07 10:00:10,C001,723.78,EUR,Malta,transfer
T00340,2026-04-18 02:41:34,C020,207.07,EUR,Ireland,withdrawal
T00338,2026-03-15 20:31:45,C025,136.44,EUR,Netherlands,deposit
T00311,2026-05-01 17:45:44,C033,618.76,EUR,Belgium,deposit
T00325,2026-04-15 20:08:07,C018,1475.54,EUR,France,withdrawal
T00302,2026-04-03 13:05:39,C025,573.44,EUR,Spain,transfer
T00162,2026-03-21 13:28:23,C034,311.65,EUR,Netherlands,withdrawal
T00356,2026-03-15 12:40:03,C021,977.69,EUR,Belgium,withdrawal
T00098,2026-03-24 21:18:40,C031,700.99,EUR,Spain,withdrawal
T00095,2026-05-04 19:39:36,C030,1754.93,EUR,Spain,withdrawal
T00048,2026-03-31 11:18:07,C033,1292.66,EUR,Italy,deposit
T00100,2026-04-06 14:34:48,C007,1516.46,EUR,Portugal,transfer
T00140,2026-03-08 14:29:44,C024,9500,EUR,Netherlands,withdrawal
T00226,2026-03-10 04:33:46,C026,789.87,EUR,Belgium,withdrawal
T00260,2026-04-04 20:27:44,C017,1081.22,EUR,Austria,transfer
T00317,2026-05-29 06:14:23,C025,725.03,EUR,Malta,deposit
T00121,2026-05-03 21:13:55,C040,2997.72,EUR,France,deposit
T00102,2026-03-07 06:49:46,C001,1132.5,EUR,Ireland,transfer
T00079,2026-05-24 21:10:25,C019,164.9,EUR,Spain,withdrawal
T00381,2026-04-24 23:51:55,C004,528.24,EUR,France,deposit
T00415,2026-04-11 03:08:42,C019,7074.98,EUR,Myanmar,transfer
T00021,2026-04-01 21:04:40,C012,1697.59,EUR,Belgium,transfer
T00075,2026-03-24 17:45:04,C025,403.63,EUR,Netherlands,deposit
T00280,2026-04-23 16:37:53,C029,1590.83,EUR,Austria,transfer
T00233,2026-05-13 15:10:02,C002,1175.04,EUR,France,transfer
T00210,2026-04-30 09:13:22,C013,5905.38,EUR,Austria,deposit
T00007,2026-05-09 07:19:25,C034,1802.3,EUR,France,transfer
T00410,2026-04-01 01:40:26,C033,521.83,EUR,North Korea,withdrawal
T00417,2026-05-15 17:57:45,C040,2561.96,EUR,Myanmar,deposit
T00254,2026-05-07 13:43:11,C031,340.54,EUR,Portugal,withdrawal
T00154,2026-05-27 17:16:03,C028,451.02,EUR,Germany,deposit
T00161,2026-05-21 01:06:58,C023,789.1,EUR,Germany,deposit
T00293,2026-05-15 06:22:35,C021,553.29,EUR,Austria,transfer
T00240,2026-05-14 12:50:54,C032,856.05,EUR,France,deposit
T00023,2026-04-03 14:24:36,C017,133.1,EUR,France,deposit
T00430,2026-03-27 21:27:13,C026,8720.66,EUR,Spain,deposit
T00267,2026-04-06 16:32:32,C001,303.8,EUR,Netherlands,transfer
T00388,2026-05-16 22:07:18,C018,895.15,EUR,Belgium,withdrawal
T00286,2026-03-17 08:06:28,C008,227.51,EUR,Austria,deposit
T00283,2026-04-30 01:09:19,C005,711.68,EUR,Italy,withdrawal
T00420,2026-04-09 03:47:04,C001,6950.9,EUR,Syria,deposit
T00227,2026-03-17 20:04:20,C005,522.46,EUR,Netherlands,transfer
T00147,2026-03-06 23:59:23,C038,197.05,EUR,Belgium,transfer
T00101,2026-03-15 14:42:56,C003,600.79,EUR,Netherlands,transfer
T00013,2026-04-29 01:58:20,C007,972.77,EUR,Ireland,transfer
T00266,2026-03-24 10:32:21,C003,2375.57,EUR,Portugal,deposit
T00061,2026-05-19 19:26:48,C026,5826.51,EUR,Germany,deposit
T00425,2026-03-31 10:37:10,C004,4197.35,EUR,Iran,withdrawal
T00285,2026-03-18 23:47:40,C025,363.16,EUR,Austria,withdrawal
T00284,2026-04-17 13:55:32,C027,375.59,EUR,Ireland,withdrawal
T00068,2026-05-26 13:39:52,C007,3671.56,EUR,Belgium,withdrawal
T00389,2026-03-27 18:51:02,C002,3204.91,EUR,Spain,transfer
T00319,2026-03-06 02:42:24,C003,1319.9,EUR,Spain,transfer
T00185,2026-03-20 12:08:14,C017,1818.62,EUR,Belgium,deposit
T00142,2026-05-12 07:28:16,C002,234.83,EUR,Germany,deposit
T00179,2026-04-09 16:48:41,C018,827.0,EUR,Italy,withdrawal
T00105,2026-05-10 00:29:52,C039,3269.42,EUR,Spain,transfer
T00049,2026-03-25 13:58:48,C013,1423.97,EUR,Belgium,withdrawal
T00053,2026-04-24 19:56:50,C029,1235.93,EUR,Austria,withdrawal
T00085,2026-04-02 17:23:36,C031,632.8,EUR,Malta,deposit
T00444,2026-05-15 04:20:23,C015,8559.77,EUR,Portugal,deposit
T00387,2026-04-10 05:05:27,C029,832.58,EUR,Ireland,deposit
T00041,2026-04-25 00:03:41,C025,1424.52,EUR,Malta,transfer
T00112,2026-03-06 11:35:04,C013,189.63,EUR,Ireland,transfer
T00156,2026-03-07 10:28:20,C008,223.74,EUR,Ireland,transfer
T00043,2026-05-04 11:15:38,C021,887.3,EUR,Spain,transfer
T00168,2026-04-18 19:23:26,C001,660.44,EUR,Germany,transfer
T00111,2026-04-18 16:34:42,C031,390.07,EUR,Austria,withdrawal
T00008,2026-04-26 18:50:39,C020,413.64,EUR,Netherlands,withdrawal
T00354,2026-05-13 03:42:16,C018,5099.14,EUR,Italy,transfer
T00439,2026-03-14 06:49:20,C018,8683.0,EUR,Ireland,deposit
T00299,2026-05-25 20:20:49,C003,1353.65,EUR,Belgium,deposit
T00153,2026-04-23 03:27:43,C015,307.64,EUR,Ireland,withdrawal
T00443,2026-05-15 05:20:23,C015,8628.77,EUR,Netherlands,deposit
T00024,2026-03-02 16:41:08,C020,262.32,EUR,Italy,transfer
T00428,2026-03-11 09:22:49,C021,8669.03,EUR,Netherlands,deposit
T00343,2026-03-22 23:33:23,C007,2236.78,EUR,Netherlands,transfer
T00188,2026-03-24 07:47:54,C028,674.08,EUR,Spain,withdrawal
T00397,2026-05-08 22:25:46,C026,15816.59,EUR,Austria,transfer
T00349,2026-03-09 10:55:56,C007,485.49,EUR,Netherlands,deposit
T00228,2026-03-16 18:51:48,C038,207.44,EUR,Malta,deposit
T00044,2026-03-17 06:59:04,C027,274.15,EUR,Austria,withdrawal
T00088,2026-04-26 10:49:34,C040,273.93,EUR,Portugal,transfer
T00244,2026-05-19 22:14:50,C025,683.95,EUR,Spain,deposit
T00027,2026-03-27 12:29:02,C007,744.66,EUR,Belgium,deposit
T00406,2026-04-04 19:04:22,C002,3347.59,EUR,Syria,deposit
T00375,2026-04-28 17:46:08,C033,2352.71,EUR,Netherlands,withdrawal
T00275,2026-05-01 05:34:38,C019,511.59,EUR,Germany,withdrawal
T00324,2026-04-20 11:52:58,C005,229.18,EUR,Belgium,deposit
T00009,2026-05-15 20:10:03,C008,438.85,EUR,Malta,deposit
T00217,2026-05-12 01:10:44,C029,1311.09,EUR,Ireland,transfer
T00205,2026-05-04 20:10:33,C024,162.65,EUR,Austria,deposit
T00019,2026-03-08 01:49:32,C038,980.05,EUR,Netherlands,transfer
T00116,2026-05-09 01:18:25,C035,507.19,EUR,Portugal,transfer
T00042,2026-03-09 12:01:19,C035,1049.2,EUR,Ireland,transfer
T00058,2026-04-19 21:15:56,C035,628.85,EUR,Ireland,transfer
T00176,2026-05-17 05:33:56,C016,291.71,EUR,Germany,transfer
T00195,2026-03-07 23:20:40,C027,1141.22,EUR,Spain,withdrawal
T00167,2026-04-07 11:56:47,C004,396.72,EUR,Spain,deposit
T00148,2026-05-01 14:37:20,C020,109.86,EUR,Malta,withdrawal
T00441,2026-05-15 01:20:23,C015,8530.52,EUR,Italy,deposit
T00202,2026-04-28 02:17:12,C004,217.34,EUR,Belgium,deposit
T00123,2026-04-14 21:23:34,C019,921.2,EUR,Portugal,withdrawal
T00213,2026-04-04 03:00:28,C012,657.43,EUR,Austria,transfer
T00314,2026-04-15 09:43:58,C010,232.33,EUR,Spain,withdrawal
T00193,2026-03-25 13:23:33,C029,387.69,EUR,Portugal,transfer
T00320,2026-03-23 11:27:00,C018,2731.12,EUR,Malta,deposit
T00377,2026-04-06 12:17:50,C035,1794.75,EUR,Netherlands,transfer
T00348,2026-05-01 12:40:52,C020,216.34,EUR,Austria,withdrawal
T00212,2026-04-26 14:04:38,C008,1511.48,EUR,Ireland,withdrawal
T00396,2026-04-23 15:25:18,C026,43176.38,EUR,Austria,transfer
T00408,2026-05-03 20:38:22,C030,4841.65,EUR,North Korea,deposit
T00225,2026-03-12 02:23:37,C030,1892.6,EUR,Belgium,withdrawal
T00198,2026-04-19 02:58:16,C027,166.49,EUR,France,withdrawal
T00025,2026-03-09 08:53:38,C037,364.04,EUR,Netherlands,withdrawal
T00399,2026-05-08 11:53:47,C014,73343.21,EUR,Germany,transfer
T00056,2026-03-18 05:29:29,C018,62.22,EUR,Italy,deposit
T00132,2026-04-03 19:32:09,C030,247.13,EUR,Malta,deposit
T00180,2026-04-19 16:50:48,C003,2765.21,EUR,Austria,transfer
T00035,2026-05-25 09:02:07,C012,1149.33,EUR,Ireland,withdrawal
T00404,2026-05-06 18:49:53,C011,42518.63,EUR,Netherlands,transfer
T00108,2026-05-05 04:58:12,C036,337.69,EUR,Belgium,deposit
T00136,2026-03-18 14:09:00,C027,306.57,EUR,Austria,withdrawal
T00006,2026-05-10 06:00:43,C032,704.69,EUR,Portugal,withdrawal
T00426,2026-03-11 20:22:49,C021,8652.56,EUR,Italy,deposit
T00172,2026-03-12 15:54:00,C021,545.39,EUR,Netherlands,deposit
T00046,2026-04-29 16:05:05,C014,514.02,EUR,Netherlands,withdrawal
T00086,2026-03-20 05:25:55,C005,563.65,EUR,Malta,transfer
T00386,2026-04-22 22:25:50,C023,1674.71,EUR,Germany,transfer
T00178,2026-04-26 22:59:16,C040,400.73,EUR,Portugal,withdrawal
T00361,2026-05-19 01:57:06,C019,295.81,EUR,Portugal,withdrawal
T00040,2026-05-17 18:37:13,C017,217.98,EUR,Ireland,deposit
T00333,2026-04-08 17:37:49,C010,201.79,EUR,Ireland,deposit
T00322,2026-04-19 05:05:43,C037,127.24,EUR,Netherlands,transfer
T00437,2026-03-20 14:19:15,C029,9547.31,EUR,France,deposit
T00054,2026-04-01 23:12:59,C011,1361.2,EUR,Spain,withdrawal
T00114,2026-04-26 03:37:49,C032,1949.99,EUR,Italy,transfer
T00385,2026-05-23 05:58:31,C010,144.62,EUR,Belgium,withdrawal
T00094,2026-04-06 15:59:20,C004,315.78,EUR,Belgium,deposit
T00017,2026-04-06 15:24:04,C025,188.49,EUR,Portugal,transfer
T00353,2026-03-01 07:49:13,C026,211.46,EUR,Ireland,deposit
T00201,2026-03-31 10:57:52,C006,890.23,EUR,Spain,deposit
T00442,2026-05-15 09:20:23,C015,9763.49,EUR,Portugal,deposit
T00334,2026-05-16 22:27:08,C024,399.88,EUR,Portugal,deposit
T00328,2026-04-09 16:11:32,C025,484.54,EUR,Malta,withdrawal
T00066,2026-05-12 07:56:09,C003,359.87,EUR,Italy,withdrawal
T00151,2026-04-25 03:36:39,C039,725.14,EUR,Belgium,transfer
T00158,2026-04-17 04:10:58,C015,1517.84,EUR,Austria,withdrawal
T00194,2026-04-18 18:18:36,C037,2668.95,EUR,Spain,transfer
T00305,2026-04-07 05:32:56,C036,3277.95,EUR,Ireland,deposit
T00115,2026-05-23 02:55:27,C030,253.92,EUR,Ireland,withdrawal
T00183,2026-04-19 14:52:58,C012,868.29,EUR,Spain,withdrawal
T00288,2026-03-25 04:06:30,C015,366.42,EUR,Spain,deposit
T00345,2026-05-11 21:08:09,C001,299.89,EUR,Austria,transfer
T00359,2026-05-13 13:58:13,C010,684.53,EUR,Germany,withdrawal
T00250,2026-05-14 11:12:07,C002,356.7,EUR,Ireland,transfer
T00224,2026-05-10 20:50:09,C009,297.87,EUR,Netherlands,withdrawal
T00081,2026-03-25 11:29:19,C030,414.68,EUR,Italy,deposit
T00070,2026-05-24 13:29:31,C037,1297.87,EUR,Ireland,deposit
T00327,2026-04-18 23:04:46,C016,951.88,EUR,Germany,deposit
T00155,2026-05-11 20:27:00,C006,1968.56,EUR,Belgium,withdrawal
T00173,2026-04-20 11:17:48,C016,563.6,EUR,Italy,transfer
T00374,2026-05-21 03:23:22,C018,912.17,EUR,Italy,withdrawal
T00403,2026-05-29 00:24:47,C012,18204.07,EUR,Germany,transfer
T00438,2026-03-14 00:49:20,C018,8670.03,EUR,Malta,deposit
T00192,2026-05-18 10:22:26,C024,950.63,EUR,Portugal,transfer
T00038,2026-04-05 12:47:05,C013,535.23,EUR,Italy,transfer
T00187,2026-03-17 19:09:55,C006,415.02,EUR,Netherlands,deposit
T00336,2026-03-18 10:56:18,C022,565.61,EUR,Belgium,withdrawal
T00057,2026-04-23 14:50:24,C025,1844.57,EUR,Italy,withdrawal
T00351,2026-05-11 15:31:25,C016,702.83,EUR,Netherlands,withdrawal
T00301,2026-05-10 11:42:34,C039,1120.39,EUR,France,withdrawal
T00076,2026-05-29 10:03:31,C023,1335.54,EUR,Belgium,transfer
T00012,2026-04-22 06:55:57,C037,777.0,EUR,Portugal,deposit
T00031,2026-05-10 05:23:30,C010,1017.97,EUR,Belgium,withdrawal
T00166,2026-03-29 14:23:27,C038,625.15,EUR,Malta,transfer
T00362,2026-05-11 18:24:08,C001,645.79,EUR,Ireland,transfer
T00175,2026-04-14 23:29:59,C034,783.16,EUR,Netherlands,deposit
T00067,2026-03-15 05:57:45,C017,1091.35,EUR,Belgium,withdrawal
T00104,2026-03-16 01:03:03,C036,298.81,EUR,Portugal,transfer
T00423,2026-03-11 21:08:42,C024,4396.89,EUR,Cayman Islands,deposit
T00170,2026-04-10 20:57:45,C003,554.31,EUR,Italy,withdrawal
T00001,2026-04-04 23:20:12,C036,1940.48,EUR,Austria,withdrawal
T00245,2026-05-11 13:18:40,C009,2231.06,EUR,Netherlands,deposit
T00405,2026-04-04 04:17:53,C017,21269.11,EUR,Germany,transfer
T00011,2026-03-28 19:37:58,C022,278.79,EUR,Portugal,deposit
T00367,2026-04-27 09:34:07,C029,1155.84,EUR,Malta,withdrawal
T00309,2026-05-25 01:45:58,C004,836.91,EUR,Italy,deposit
T00376,2026-05-21 13:02:32,C038,2528.61,EUR,Portugal,deposit
T00368,2026-05-28 12:45:57,C006,1161.79,EUR,Belgium,transfer
T00047,2026-05-24 03:05:14,C014,723.17,EUR,Germany,withdrawal
T00020,2026-03-08 18:29:22,C031,685.32,EUR,Germany,deposit
T00252,2026-04-18 05:22:49,C004,777.02,EUR,Belgium,transfer
T00090,2026-03-23 20:05:50,C014,447.87,EUR,France,deposit
T00159,2026-05-19 22:20:22,C037,317.16,EUR,Austria,transfer
T00278,2026-03-20 05:59:26,C036,1450.5,EUR,Austria,withdrawal
T00253,2026-04-22 18:16:14,C016,473.91,EUR,France,transfer
T00097,2026-05-13 01:27:53,C037,763.08,EUR,Spain,deposit
T00352,2026-05-21 23:55:54,C015,2302.39,EUR,Germany,withdrawal
T00073,2026-04-11 08:56:17,C030,459.52,EUR,Spain,deposit
T00289,2026-03-31 07:30:11,C027,9500,EUR,Malta,deposit
T00291,2026-03-18 18:20:46,C029,393.85,EUR,Malta,withdrawal
T00181,2026-04-30 18:15:15,C036,762.26,EUR,Belgium,deposit
T00015,2026-03-10 16:08:02,C009,562.74,EUR,France,transfer
T00303,2026-04-10 07:23:44,C032,509.69,EUR,Portugal,withdrawal
T00378,2026-03-16 05:45:07,C037,2192.99,EUR,Malta,withdrawal
T00358,2026-03-24 13:35:29,C009,455.41,EUR,Italy,transfer
T00163,2026-03-07 05:39:52,C021,1787.34,EUR,Italy,deposit
T00304,2026-03-19 00:35:25,C021,490.9,EUR,France,withdrawal
T00122,2026-05-25 00:20:31,C015,613.75,EUR,Spain,withdrawal
T00091,2026-04-06 10:17:36,C011,815.96,EUR,France,transfer
T00432,2026-03-28 05:27:13,C026,9670.29,EUR,Netherlands,deposit
T00431,2026-03-29 13:27:13,C026,9475.63,EUR,Malta,deposit
T00390,2026-03-31 18:01:05,C033,301.77,EUR,Malta,withdrawal
T00295,2026-04-18 06:41:41,C021,1110.1,EUR,Spain,transfer
T00384,2026-03-18 13:56:04,C007,252.47,EUR,Spain,deposit
T00029,2026-05-21 09:32:15,C018,231.31,EUR,Germany,deposit
T00274,2026-04-09 04:16:29,C016,402.75,EUR,Austria,transfer
T00137,2026-04-23 21:23:03,C024,1853.42,EUR,Austria,transfer
T00124,2026-03-26 14:00:22,C028,1142.5,EUR,Spain,withdrawal
T00337,2026-05-13 08:49:35,C039,1847.11,EUR,Portugal,withdrawal
T00127,2026-05-19 09:07:30,C015,858.54,EUR,France,transfer
T00052,2026-05-11 21:40:47,C008,474.14,EUR,Austria,withdrawal
T00082,2026-05-15 19:06:05,C035,107.56,EUR,Spain,transfer
T00120,2026-03-22 06:22:26,C034,434.09,EUR,Germany,deposit
T00300,2026-05-01 08:49:57,C031,384.0,EUR,Italy,transfer
T00398,2026-03-11 18:36:57,C010,28396.67,EUR,Spain,transfer
T00272,2026-04-03 13:57:55,C009,386.67,EUR,Malta,deposit
T00242,2026-04-21 13:19:24,C007,268.46,EUR,Netherlands,deposit
T00030,2026-03-15 02:44:22,C029,764.65,EUR,Malta,transfer
T00411,2026-03-23 01:17:15,C024,3755.33,EUR,Iran,transfer
T00436,2026-03-19 04:19:15,C029,9832.94,EUR,Portugal,deposit
T00113,2026-05-24 23:44:21,C031,3569.49,EUR,Ireland,deposit
T00306,2026-05-03 20:02:53,C022,252.41,EUR,France,transfer
T00164,2026-04-26 15:04:47,C040,571.07,EUR,Belgium,withdrawal
T00014,2026-03-25 19:31:32,C007,1119.95,EUR,France,withdrawal
T00093,2026-04-04 05:10:43,C013,516.06,EUR,Germany,deposit
T00139,2026-03-31 13:12:17,C003,968.1,EUR,Portugal,deposit
T00199,2026-03-18 01:23:40,C015,2969.24,EUR,Germany,withdrawal
T00165,2026-03-15 10:18:45,C014,1037.1,EUR,Ireland,transfer
T00258,2026-04-18 14:21:52,C036,446.61,EUR,Austria,withdrawal
T00290,2026-04-01 01:36:38,C007,864.39,EUR,Malta,withdrawal
T00177,2026-04-27 20:33:09,C005,640.99,EUR,Belgium,transfer
T00249,2026-05-12 10:54:54,C022,680.64,EUR,Portugal,withdrawal
T00402,2026-04-09 23:57:32,C030,49993.14,EUR,Malta,transfer
T00414,2026-04-21 02:30:34,C015,7336.87,EUR,North Korea,withdrawal
T00184,2026-05-26 14:04:27,C039,454.47,EUR,Austria,withdrawal
T00366,2026-05-09 01:30:53,C008,303.58,EUR,Netherlands,transfer
T00435,2026-03-19 19:19:15,C029,9648.13,EUR,Germany,deposit
T00010,2026-03-30 02:27:14,C038,417.8,EUR,Malta,deposit
T00279,2026-05-02 03:18:39,C034,502.26,EUR,Belgium,transfer
T00323,2026-03-13 15:54:50,C006,697.62,EUR,Malta,deposit
T00128,2026-04-09 16:02:59,C009,5166.19,EUR,Malta,deposit
T00270,2026-05-12 07:01:58,C012,214.48,EUR,Spain,deposit
T00330,2026-04-11 14:01:33,C006,518.69,EUR,Belgium,deposit
T00103,2026-03-07 07:24:40,C024,970.25,EUR,Portugal,withdrawal
T00215,2026-03-22 16:09:43,C007,313.61,EUR,Ireland,withdrawal
T00071,2026-04-16 23:08:27,C033,522.12,EUR,Ireland,withdrawal
T00197,2026-04-27 12:43:40,C011,252.67,EUR,France,deposit
T00427,2026-03-10 17:22:49,C021,9129.39,EUR,Netherlands,deposit
T00045,2026-03-01 11:03:49,C025,858.46,EUR,Austria,withdrawal
T00032,2026-04-15 07:38:55,C009,218.46,EUR,Malta,transfer
T00246,2026-03-06 01:25:00,C013,866.34,EUR,Malta,deposit
T00282,2026-04-24 12:32:38,C001,1635.97,EUR,Malta,transfer
T00211,2026-05-23 12:05:06,C013,60.62,EUR,Malta,withdrawal
T00256,2026-04-05 20:19:09,C017,820.91,EUR,France,withdrawal
T00152,2026-03-28 15:39:30,C008,3166.5,EUR,Austria,withdrawal
T00332,2026-04-08 09:46:20,C011,938.72,EUR,Spain,withdrawal
T00126,2026-05-17 18:05:07,C026,298.22,EUR,Malta,withdrawal
T00316,2026-03-12 14:45:20,C006,3548.08,EUR,Malta,withdrawal
T00318,2026-05-12 03:28:19,C032,2985.51,EUR,Netherlands,transfer
T00315,2026-04-01 08:13:23,C006,478.19,EUR,Belgium,withdrawal
T00018,2026-04-07 07:55:34,C036,1082.33,EUR,France,deposit
T00077,2026-04-22 17:47:18,C001,686.59,EUR,France,transfer
T00229,2026-04-14 18:53:32,C020,309.7,EUR,France,withdrawal
T00144,2026-03-17 00:32:27,C001,1116.35,EUR,Malta,withdrawal
T00141,2026-05-22 23:16:59,C013,1154.08,EUR,France,transfer
T00096,2026-03-04 03:19:30,C029,569.72,EUR,Spain,deposit
T00110,2026-03-20 16:15:29,C020,2299.34,EUR,Portugal,transfer
T00182,2026-03-11 18:22:12,C004,444.03,EUR,Netherlands,transfer
T00089,2026-03-13 07:33:55,C028,301.0,EUR,Belgium,transfer
T00219,2026-03-04 06:46:25,C026,447.06,EUR,Italy,withdrawal
T00350,2026-05-26 05:59:02,C008,216.57,EUR,Italy,transfer
T00196,2026-03-16 10:22:43,C024,730.58,EUR,Austria,deposit
T00016,2026-04-21 02:08:05,C007,244.29,EUR,France,deposit
T00255,2026-04-15 23:25:19,C012,582.08,EUR,Austria,transfer
T00203,2026-05-13 08:48:31,C032,774.22,EUR,Austria,transfer
T00371,2026-05-26 03:28:01,C019,426.69,EUR,Austria,deposit
T00421,2026-05-02 02:10:50,C034,8856.48,EUR,Syria,deposit
T00222,2026-05-09 10:34:18,C029,1623.23,EUR,Austria,withdrawal
T00294,2026-05-22 13:52:38,C028,728.13,EUR,Netherlands,transfer
T00087,2026-04-23 22:04:31,C020,283.75,EUR,Austria,transfer
T00026,2026-03-02 20:11:32,C019,1494.1,EUR,Austria,withdrawal
